Company Name	Exchange:Ticker	Primary Industry	CIQID
3M Company	NYSE:MMM	Industrial Conglomerates	IQ289194
A. O. Smith Corporation	NYSE:AOS	Building Products	IQ997111
Abbott Laboratories	NYSE:ABT	Health Care Equipment	IQ247483
AbbVie Inc.	NYSE:ABBV	Biotechnology	IQ141885706
"Abiomed, Inc."	NasdaqGS:ABMD	Health Care Equipment	IQ247589
Accenture plc	NYSE:ACN	IT Consulting and Other Services	IQ972190
"Activision Blizzard, Inc."	NasdaqGS:ATVI	Interactive Home Entertainment	IQ4222231
Adobe Inc.	NasdaqGS:ADBE	Application Software	IQ24321
"Advance Auto Parts, Inc."	NYSE:AAP	Automotive Retail	IQ24333
"Advanced Micro Devices, Inc."	NasdaqGS:AMD	Semiconductors	IQ168864
Aflac Incorporated	NYSE:AFL	Life and Health Insurance	IQ250178
"Agilent Technologies, Inc."	NYSE:A	Life Sciences Tools and Services	IQ154924
"Air Products and Chemicals, Inc."	NYSE:APD	Industrial Gases	IQ248356
"Akamai Technologies, Inc."	NasdaqGS:AKAM	Internet Services and Infrastructure	IQ24522
"Alaska Air Group, Inc."	NYSE:ALK	Airlines	IQ248501
Albemarle Corporation	NYSE:ALB	Specialty Chemicals	IQ18671
"Alexandria Real Estate Equities, Inc."	NYSE:ARE	Office REITs	IQ365138
"Alexion Pharmaceuticals, Inc."	NasdaqGS:ALXN	Biotechnology	IQ347983
"Align Technology, Inc."	NasdaqGS:ALGN	Health Care Supplies	IQ24568
Allegion plc	NYSE:ALLE	Building Products	IQ241782379
Alliant Energy Corporation	NasdaqGS:LNT	Electric Utilities	IQ312949
Alphabet Inc.	NasdaqGS:GOOG	Interactive Media and Services	IQ29096
Alphabet Inc.	NasdaqGS:GOOG.L	Interactive Media and Services	IQ29096
"Altria Group, Inc."	NYSE:MO	Tobacco	IQ296308
"Amazon.com, Inc."	NasdaqGS:AMZN	Internet and Direct Marketing Retail	IQ18749
Amcor plc	NYSE:AMCR	Paper Packaging	IQ401715
Ameren Corporation	NYSE:AEE	Multi-Utilities	IQ373264
American Airlines Group Inc.	NasdaqGS:AAL	Airlines	IQ168569
"American Electric Power Company, Inc."	NYSE:AEP	Electric Utilities	IQ135470
American Express Company	NYSE:AXP	Consumer Finance	IQ92001
"American International Group, Inc."	NYSE:AIG	Multi-line Insurance	IQ250388
American Tower Corporation (REIT)	NYSE:AMT	Specialized REITs	IQ24766
"American Water Works Company, Inc."	NYSE:AWK	Water Utilities	IQ250885
"Ameriprise Financial, Inc."	NYSE:AMP	Asset Management and Custody Banks	IQ4165019
AmerisourceBergen Corporation	NYSE:ABC	Health Care Distributors	IQ24809
"AMETEK, Inc."	NYSE:AME	Electrical Components and Equipment	IQ31860
Amgen Inc.	NasdaqGS:AMGN	Biotechnology	IQ24816
Amphenol Corporation	NYSE:APH	Electronic Components	IQ24827
"Analog Devices, Inc."	NasdaqGS:ADI	Semiconductors	IQ251411
"ANSYS, Inc."	NasdaqGS:ANSS	Application Software	IQ24893
"Anthem, Inc."	NYSE:ANTM	Managed Health Care	IQ160077
Aon Plc	NYSE:AON	Insurance Brokers	IQ119853
Apache Corporation	NasdaqGS:APA	Oil and Gas Exploration and Production	IQ169838
Apartment Investment and Management Company	NYSE:AIV	Residential REITs	IQ336458
Apple Inc.	NasdaqGS:AAPL	"Technology Hardware, Storage and Peripherals"	IQ24937
"Applied Materials, Inc."	NasdaqGS:AMAT	Semiconductor Equipment	IQ251230
Aptiv PLC	NYSE:APTV	Auto Parts and Equipment	IQ59502420
Archer-Daniels-Midland Company	NYSE:ADM	Agricultural Products	IQ251704
"Arista Networks, Inc."	NYSE:ANET	Communications Equipment	IQ33348547
Arthur J. Gallagher & Co.	NYSE:AJG	Insurance Brokers	IQ252186
"Assurant, Inc."	NYSE:AIZ	Multi-line Insurance	IQ4026111
AT&T Inc.	NYSE:T	Integrated Telecommunication Services	IQ100231
Atmos Energy Corporation	NYSE:ATO	Gas Utilities	IQ252684
"Autodesk, Inc."	NasdaqGS:ADSK	Application Software	IQ119902
"Automatic Data Processing, Inc."	NasdaqGS:ADP	Data Processing and Outsourced Services	IQ126269
"AutoZone, Inc."	NYSE:AZO	Automotive Retail	IQ25307
"AvalonBay Communities, Inc."	NYSE:AVB	Residential REITs	IQ329141
Avery Dennison Corporation	NYSE:AVY	Paper Packaging	IQ252978
Baker Hughes Company	NYSE:BKR	Oil and Gas Equipment and Services	IQ425005479
Ball Corporation	NYSE:BLL	Metal and Glass Containers	IQ170352
Bank of America Corporation	NYSE:BAC	Diversified Banks	IQ19049
Baxter International Inc.	NYSE:BAX	Health Care Equipment	IQ254571
"Becton, Dickinson and Company"	NYSE:BDX	Health Care Equipment	IQ103678
Berkshire Hathaway Inc.	NYSE:BRK.B	Multi-Sector Holdings	IQ255251
"Best Buy Co., Inc."	NYSE:BBY	Computer and Electronics Retail	IQ255397
Biogen Inc.	NasdaqGS:BIIB	Biotechnology	IQ29726
"Bio-Rad Laboratories, Inc."	NYSE:BIO	Life Sciences Tools and Services	IQ255743
"BlackRock, Inc."	NYSE:BLK	Asset Management and Custody Banks	IQ403413
Booking Holdings Inc.	NasdaqGS:BKNG	Internet and Direct Marketing Retail	IQ33254
BorgWarner Inc.	NYSE:BWA	Auto Parts and Equipment	IQ25708
"Boston Properties, Inc."	NYSE:BXP	Office REITs	IQ368278
Boston Scientific Corporation	NYSE:BSX	Health Care Equipment	IQ317627
Bristol-Myers Squibb Company	NYSE:BMY	Pharmaceuticals	IQ25798
Broadcom Inc.	NasdaqGS:AVGO	Semiconductors	IQ25016048
"Broadridge Financial Solutions, Inc."	NYSE:BR	Data Processing and Outsourced Services	IQ1032802
Brown-Forman Corporation	NYSE:BF.B	Distillers and Vintners	IQ256839
"C.H. Robinson Worldwide, Inc."	NasdaqGS:CHRW	Air Freight and Logistics	IQ368470
Cabot Oil & Gas Corporation	NYSE:COG	Oil and Gas Exploration and Production	IQ258181
"Cadence Design Systems, Inc."	NasdaqGS:CDNS	Application Software	IQ25941
Campbell Soup Company	NYSE:CPB	Packaged Foods and Meats	IQ258458
Capital One Financial Corporation	NYSE:COF	Consumer Finance	IQ336241
"Cardinal Health, Inc."	NYSE:CAH	Health Care Distributors	IQ172207
"CarMax, Inc."	NYSE:KMX	Automotive Retail	IQ356805
Carnival Corporation & Plc	NYSE:CCL	"Hotels, Resorts and Cruise Lines"	IQ258823
Carrier Global Corporation	NYSE:CARR	Building Products	IQ620281
Caterpillar Inc.	NYSE:CAT	Construction Machinery and Heavy Trucks	IQ259378
"Cboe Global Markets, Inc."	BATS:CBOE	Financial Exchanges and Data	IQ32624297
"CBRE Group, Inc."	NYSE:CBRE	Real Estate Services	IQ4204816
CDW Corporation	NasdaqGS:CDW	Technology Distributors	IQ332700
Celanese Corporation	NYSE:CE	Specialty Chemicals	IQ405277
Centene Corporation	NYSE:CNC	Managed Health Care	IQ26273
"CenterPoint Energy, Inc."	NYSE:CNP	Multi-Utilities	IQ279513
"CenturyLink, Inc."	NYSE:CTL	Alternative Carriers	IQ260149
Cerner Corporation	NasdaqGS:CERN	Health Care Technology	IQ259627
"CF Industries Holdings, Inc."	NYSE:CF	Fertilizers and Agricultural Chemicals	IQ22357184
"Charter Communications, Inc."	NasdaqGS:CHTR	Cable and Satellite	IQ19609
Chevron Corporation	NYSE:CVX	Integrated Oil and Gas	IQ98506
"Chipotle Mexican Grill, Inc."	NYSE:CMG	Restaurants	IQ26446
Chubb Limited	NYSE:CB	Property and Casualty Insurance	IQ203028
"Church & Dwight Co., Inc."	NYSE:CHD	Household Products	IQ261105
Cigna Corporation	NYSE:CI	Health Care Services	IQ172899
Cincinnati Financial Corporation	NasdaqGS:CINF	Property and Casualty Insurance	IQ260681
Cintas Corporation	NasdaqGS:CTAS	Diversified Support Services	IQ260725
"Cisco Systems, Inc."	NasdaqGS:CSCO	Communications Equipment	IQ19691
Citigroup Inc.	NYSE:C	Diversified Banks	IQ391687
"Citizens Financial Group, Inc."	NYSE:CFG	Regional Banks	IQ46051729
"Citrix Systems, Inc."	NasdaqGS:CTXS	Application Software	IQ26524
CME Group Inc.	NasdaqGS:CME	Financial Exchanges and Data	IQ2004577
CMS Energy Corporation	NYSE:CMS	Multi-Utilities	IQ257682
Cognizant Technology Solutions Corporation	NasdaqGS:CTSH	IT Consulting and Other Services	IQ386024
Colgate-Palmolive Company	NYSE:CL	Household Products	IQ262247
Comcast Corporation	NasdaqGS:CMCS.A	Cable and Satellite	IQ173341
Comerica Incorporated	NYSE:CMA	Regional Banks	IQ318670
"Conagra Brands, Inc."	NYSE:CAG	Packaged Foods and Meats	IQ26893
Concho Resources Inc.	NYSE:CXO	Oil and Gas Exploration and Production	IQ26906
ConocoPhillips	NYSE:COP	Oil and Gas Exploration and Production	IQ296527
"Consolidated Edison, Inc."	NYSE:ED	Multi-Utilities	IQ263295
"Constellation Brands, Inc."	NYSE:STZ	Distillers and Vintners	IQ258589
"Copart, Inc."	NasdaqGS:CPRT	Diversified Support Services	IQ27023
Corning Incorporated	NYSE:GLW	Electronic Components	IQ173840
"Corteva, Inc."	NYSE:CTVA	Fertilizers and Agricultural Chemicals	IQ319130234
Costco Wholesale Corporation	NasdaqGS:COST	Hypermarkets and Super Centers	IQ92817
Coty Inc.	NYSE:COTY	Personal Products	IQ795040
Crown Castle International Corp. (REIT)	NYSE:CCI	Specialized REITs	IQ27198
CSX Corporation	NasdaqGS:CSX	Railroads	IQ257948
Cummins Inc.	NYSE:CMI	Construction Machinery and Heavy Trucks	IQ265253
CVS Health Corporation	NYSE:CVS	Health Care Services	IQ93625
"D.R. Horton, Inc."	NYSE:DHI	Homebuilding	IQ107405
Danaher Corporation	NYSE:DHR	Health Care Equipment	IQ265621
"Darden Restaurants, Inc."	NYSE:DRI	Restaurants	IQ336160
DaVita Inc.	NYSE:DVA	Health Care Services	IQ35644
Deere & Company	NYSE:DE	Agricultural and Farm Machinery	IQ266112
"Delta Air Lines, Inc."	NYSE:DAL	Airlines	IQ266311
DENTSPLY SIRONA Inc.	NasdaqGS:XRAY	Health Care Supplies	IQ27504
Devon Energy Corporation	NYSE:DVN	Oil and Gas Exploration and Production	IQ266510
"DexCom, Inc."	NasdaqGS:DXCM	Health Care Equipment	IQ114039
"Diamondback Energy, Inc."	NasdaqGS:FANG	Oil and Gas Exploration and Production	IQ170245760
"Digital Realty Trust, Inc."	NYSE:DLR	Specialized REITs	IQ11041860
Discover Financial Services	NYSE:DFS	Consumer Finance	IQ3695566
"Discovery, Inc."	NasdaqGS:DISC.A	Broadcasting	IQ22666093
"Discovery, Inc."	NasdaqGS:DISC.K	Broadcasting	IQ22666093
DISH Network Corporation	NasdaqGS:DISH	Cable and Satellite	IQ110001
Dollar General Corporation	NYSE:DG	General Merchandise Stores	IQ266974
"Dollar Tree, Inc."	NasdaqGS:DLTR	General Merchandise Stores	IQ27685
"Dominion Energy, Inc."	NYSE:D	Multi-Utilities	IQ267105
"Domino's Pizza, Inc."	NYSE:DPZ	Restaurants	IQ3132512
Dover Corporation	NYSE:DOV	Industrial Machinery	IQ174901
Dow Inc.	NYSE:DOW	Commodity Chemicals	IQ9830660
DTE Energy Company	NYSE:DTE	Multi-Utilities	IQ266598
Duke Energy Corporation	NYSE:DUK	Electric Utilities	IQ267850
Duke Realty Corporation	NYSE:DRE	Industrial REITs	IQ267906
"DuPont de Nemours, Inc."	NYSE:DD	Specialty Chemicals	IQ768440
DXC Technology Company	NYSE:DXC	IT Consulting and Other Services	IQ263093
E*TRADE Financial Corporation	NasdaqGS:ETFC	Investment Banking and Brokerage	IQ27807
Eastman Chemical Company	NYSE:EMN	Diversified Chemicals	IQ109103
Eaton Corporation plc	NYSE:ETN	Electrical Components and Equipment	IQ175265
eBay Inc.	NasdaqGS:EBAY	Internet and Direct Marketing Retail	IQ27862
Ecolab Inc.	NYSE:ECL	Specialty Chemicals	IQ268799
Edison International	NYSE:EIX	Electric Utilities	IQ301891
Edwards Lifesciences Corporation	NYSE:EW	Health Care Equipment	IQ411220
Electronic Arts Inc.	NasdaqGS:EA	Interactive Home Entertainment	IQ27963
Eli Lilly and Company	NYSE:LLY	Pharmaceuticals	IQ285467
Emerson Electric Co.	NYSE:EMR	Electrical Components and Equipment	IQ269231
Entergy Corporation	NYSE:ETR	Electric Utilities	IQ269764
"EOG Resources, Inc."	NYSE:EOG	Oil and Gas Exploration and Production	IQ269660
Equifax Inc.	NYSE:EFX	Research and Consulting Services	IQ175749
"Equinix, Inc. (REIT)"	NasdaqGS:EQIX	Specialized REITs	IQ28202
Equity Residential	NYSE:EQR	Residential REITs	IQ28209
"Essex Property Trust, Inc."	NYSE:ESS	Residential REITs	IQ332646
"Everest Re Group, Ltd."	NYSE:RE	Reinsurance	IQ340813
"Evergy, Inc."	NYSE:EVRG	Electric Utilities	IQ283024
Eversource Energy	NYSE:ES	Electric Utilities	IQ292525
Exelon Corporation	NasdaqGS:EXC	Electric Utilities	IQ296181
"Expedia Group, Inc."	NasdaqGS:EXPE	Internet and Direct Marketing Retail	IQ25915843
"Expeditors International of Washington, Inc."	NasdaqGS:EXPD	Air Freight and Logistics	IQ270071
Extra Space Storage Inc.	NYSE:EXR	Specialized REITs	IQ8057672
Exxon Mobil Corporation	NYSE:XOM	Integrated Oil and Gas	IQ406338
"F5 Networks, Inc."	NasdaqGS:FFIV	Communications Equipment	IQ90323
"Facebook, Inc."	NasdaqGS:FB	Interactive Media and Services	IQ20765463
Fastenal Company	NasdaqGS:FAST	Trading Companies and Distributors	IQ270747
Federal Realty Investment Trust	NYSE:FRT	Retail REITs	IQ271305
FedEx Corporation	NYSE:FDX	Air Freight and Logistics	IQ124423
"Fidelity National Information Services, Inc."	NYSE:FIS	Data Processing and Outsourced Services	IQ10081196
Fifth Third Bancorp	NasdaqGS:FITB	Regional Banks	IQ270961
First Republic Bank	NYSE:FRC	Regional Banks	IQ272383
FirstEnergy Corp.	NYSE:FE	Electric Utilities	IQ293515
"Fiserv, Inc."	NasdaqGS:FISV	Data Processing and Outsourced Services	IQ128209
"FLEETCOR Technologies, Inc."	NYSE:FLT	Data Processing and Outsourced Services	IQ28756
"FLIR Systems, Inc."	NasdaqGS:FLIR	Electronic Equipment and Instruments	IQ327408
Flowserve Corporation	NYSE:FLS	Industrial Machinery	IQ267555
FMC Corporation	NYSE:FMC	Fertilizers and Agricultural Chemicals	IQ28606
Ford Motor Company	NYSE:F	Automobile Manufacturers	IQ106335
"Fortinet, Inc."	NasdaqGS:FTNT	Systems Software	IQ2689126
Fortive Corporation	NYSE:FTV	Industrial Machinery	IQ318505463
"Fortune Brands Home & Security, Inc."	NYSE:FBHS	Building Products	IQ33174798
Fox Corporation	NasdaqGS:FOX	Broadcasting	IQ546623668
Fox Corporation	NasdaqGS:FOXA	Broadcasting	IQ546623668
"Franklin Resources, Inc."	NYSE:BEN	Asset Management and Custody Banks	IQ28703
Freeport-McMoRan Inc.	NYSE:FCX	Copper	IQ273607
Garmin Ltd.	NasdaqGS:GRMN	Consumer Electronics	IQ598655
"Gartner, Inc."	NYSE:IT	IT Consulting and Other Services	IQ130705
General Dynamics Corporation	NYSE:GD	Aerospace and Defense	IQ274561
General Electric Company	NYSE:GE	Industrial Conglomerates	IQ177031
"General Mills, Inc."	NYSE:GIS	Packaged Foods and Meats	IQ274715
General Motors Company	NYSE:GM	Automobile Manufacturers	IQ61206100
Genuine Parts Company	NYSE:GPC	Distributors	IQ275034
"Gilead Sciences, Inc."	NasdaqGS:GILD	Biotechnology	IQ29002
Global Payments Inc.	NYSE:GPN	Data Processing and Outsourced Services	IQ813574
Globe Life Inc.	NYSE:GL	Life and Health Insurance	IQ308916
"H&R Block, Inc."	NYSE:HRB	Specialized Consumer Services	IQ276601
Halliburton Company	NYSE:HAL	Oil and Gas Equipment and Services	IQ177698
Hanesbrands Inc.	NYSE:HBI	"Apparel, Accessories and Luxury Goods"	IQ4212820
"Hasbro, Inc."	NasdaqGS:HAS	Leisure Products	IQ277746
"HCA Healthcare, Inc."	NYSE:HCA	Health Care Facilities	IQ261825
"Healthpeak Properties, Inc."	NYSE:PEAK	Health Care REITs	IQ277966
"Henry Schein, Inc."	NasdaqGS:HSIC	Health Care Distributors	IQ339447
Hess Corporation	NYSE:HES	Oil and Gas Exploration and Production	IQ249841
Hewlett Packard Enterprise Company	NYSE:HPE	"Technology Hardware, Storage and Peripherals"	IQ273983758
Hilton Worldwide Holdings Inc.	NYSE:HLT	"Hotels, Resorts and Cruise Lines"	IQ29470
HollyFrontier Corporation	NYSE:HFC	Oil and Gas Refining and Marketing	IQ178254
"Hologic, Inc."	NasdaqGS:HOLX	Health Care Equipment	IQ108544
Honeywell International Inc.	NYSE:HON	Industrial Conglomerates	IQ1340740
Hormel Foods Corporation	NYSE:HRL	Packaged Foods and Meats	IQ279042
"Host Hotels & Resorts, Inc."	NYSE:HST	Hotel and Resort REITs	IQ29574
Howmet Aerospace Inc.	NYSE:HWM	Aerospace and Defense	IQ416264458
HP Inc.	NYSE:HPQ	"Technology Hardware, Storage and Peripherals"	IQ108856
Humana Inc.	NYSE:HUM	Managed Health Care	IQ29618
Huntington Bancshares Incorporated	NasdaqGS:HBAN	Regional Banks	IQ278614
"Huntington Ingalls Industries, Inc."	NYSE:HII	Aerospace and Defense	IQ363263
IDEX Corporation	NYSE:IEX	Industrial Machinery	IQ29728
"IDEXX Laboratories, Inc."	NasdaqGS:IDXX	Health Care Equipment	IQ29729
IHS Markit Ltd.	NYSE:INFO	Research and Consulting Services	IQ13651733
Illinois Tool Works Inc.	NYSE:ITW	Industrial Machinery	IQ280561
"Illumina, Inc."	NasdaqGS:ILMN	Life Sciences Tools and Services	IQ29753
Incyte Corporation	NasdaqGS:INCY	Biotechnology	IQ332954
Ingersoll Rand Inc.	NYSE:IR	Industrial Machinery	IQ334158
Intel Corporation	NasdaqGS:INTC	Semiconductors	IQ21127
"Intercontinental Exchange, Inc."	NYSE:ICE	Financial Exchanges and Data	IQ1081952
International Business Machines Corporation	NYSE:IBM	IT Consulting and Other Services	IQ112350
International Flavors & Fragrances Inc.	NYSE:IFF	Specialty Chemicals	IQ281407
International Paper Company	NYSE:IP	Paper Packaging	IQ61036
Intuit Inc.	NasdaqGS:INTU	Application Software	IQ21171
"Intuitive Surgical, Inc."	NasdaqGS:ISRG	Health Care Equipment	IQ30239
Invesco Ltd.	NYSE:IVZ	Asset Management and Custody Banks	IQ384779
IPG Photonics Corporation	NasdaqGS:IPGP	Electronic Manufacturing Services	IQ427949
IQVIA Holdings Inc.	NYSE:IQV	Life Sciences Tools and Services	IQ137473239
Iron Mountain Incorporated	NYSE:IRM	Specialized REITs	IQ30292
"J.B. Hunt Transport Services, Inc."	NasdaqGS:JBHT	Trucking	IQ278576
"Jack Henry & Associates, Inc."	NasdaqGS:JKHY	Data Processing and Outsourced Services	IQ277617
Jacobs Engineering Group Inc.	NYSE:J	Construction and Engineering	IQ282159
Johnson & Johnson	NYSE:JNJ	Pharmaceuticals	IQ139677
Johnson Controls International plc	NYSE:JCI	Building Products	IQ282590
JPMorgan Chase & Co.	NYSE:JPM	Diversified Banks	IQ658776
"Juniper Networks, Inc."	NYSE:JNPR	Communications Equipment	IQ30439
Kansas City Southern	NYSE:KSU	Railroads	IQ30472
Kellogg Company	NYSE:K	Packaged Foods and Meats	IQ283356
KeyCorp	NYSE:KEY	Regional Banks	IQ329376
"Keysight Technologies, Inc."	NYSE:KEYS	Electronic Equipment and Instruments	IQ247017859
Kimberly-Clark Corporation	NYSE:KMB	Household Products	IQ283857
Kimco Realty Corporation	NYSE:KIM	Retail REITs	IQ320371
"Kinder Morgan, Inc."	NYSE:KMI	Oil and Gas Storage and Transportation	IQ34952431
KLA Corporation	NasdaqGS:KLAC	Semiconductor Equipment	IQ282225
Kohl's Corporation	NYSE:KSS	Department Stores	IQ61243
"L Brands, Inc."	NYSE:LB	Apparel Retail	IQ285544
"L3Harris Technologies, Inc."	NYSE:LHX	Aerospace and Defense	IQ177934
Laboratory Corporation of America Holdings	NYSE:LH	Health Care Services	IQ30643
Lam Research Corporation	NasdaqGS:LRCX	Semiconductor Equipment	IQ30655
"Lamb Weston Holdings, Inc."	NYSE:LW	Packaged Foods and Meats	IQ374372246
Las Vegas Sands Corp.	NYSE:LVS	Casinos and Gaming	IQ3632895
"Leggett & Platt, Incorporated"	NYSE:LEG	Home Furnishings	IQ30760
"Leidos Holdings, Inc."	NYSE:LDOS	IT Consulting and Other Services	IQ110741
Lennar Corporation	NYSE:LEN	Homebuilding	IQ30763
Lincoln National Corporation	NYSE:LNC	Life and Health Insurance	IQ867423
Linde plc	NYSE:LIN	Industrial Gases	IQ318049
"Live Nation Entertainment, Inc."	NYSE:LYV	Movies and Entertainment	IQ384687
LKQ Corporation	NasdaqGS:LKQ	Distributors	IQ4303924
Lockheed Martin Corporation	NYSE:LMT	Aerospace and Defense	IQ285827
Loews Corporation	NYSE:L	Property and Casualty Insurance	IQ285930
"Lowe's Companies, Inc."	NYSE:LOW	Home Improvement Retail	IQ180871
LyondellBasell Industries N.V.	NYSE:LYB	Commodity Chemicals	IQ792424
M&T Bank Corporation	NYSE:MTB	Regional Banks	IQ272285
Marathon Oil Corporation	NYSE:MRO	Oil and Gas Exploration and Production	IQ314842
Marathon Petroleum Corporation	NYSE:MPC	Oil and Gas Refining and Marketing	IQ118315802
MarketAxess Holdings Inc.	NasdaqGS:MKTX	Financial Exchanges and Data	IQ109450
"Marriott International, Inc."	NasdaqGS:MAR	"Hotels, Resorts and Cruise Lines"	IQ31148
"Marsh & McLennan Companies, Inc."	NYSE:MMC	Insurance Brokers	IQ473342
"Martin Marietta Materials, Inc."	NYSE:MLM	Construction Materials	IQ31153
Masco Corporation	NYSE:MAS	Building Products	IQ181478
Mastercard Incorporated	NYSE:MA	Data Processing and Outsourced Services	IQ6477196
"Maxim Integrated Products, Inc."	NasdaqGS:MXIM	Semiconductors	IQ95673
"McCormick & Company, Incorporated"	NYSE:MKC	Packaged Foods and Meats	IQ181176
McDonald's Corporation	NYSE:MCD	Restaurants	IQ139488
McKesson Corporation	NYSE:MCK	Health Care Distributors	IQ288195
Medtronic plc	NYSE:MDT	Health Care Equipment	IQ31348
"Merck & Co., Inc."	NYSE:MRK	Pharmaceuticals	IQ288502
"MetLife, Inc."	NYSE:MET	Life and Health Insurance	IQ185648
Mettler-Toledo International Inc.	NYSE:MTD	Life Sciences Tools and Services	IQ31468
MGM Resorts International	NYSE:MGM	Casinos and Gaming	IQ286798
Microchip Technology Incorporated	NasdaqGS:MCHP	Semiconductors	IQ31500
"Micron Technology, Inc."	NasdaqGS:MU	Semiconductors	IQ289030
Microsoft Corporation	NasdaqGS:MSFT	Systems Software	IQ21835
"Mid-America Apartment Communities, Inc."	NYSE:MAA	Residential REITs	IQ332358
"Mohawk Industries, Inc."	NYSE:MHK	Home Furnishings	IQ31670
Molson Coors Beverage Company	NYSE:TAP	Brewers	IQ263765
"Mondelez International, Inc."	NasdaqGS:MDLZ	Packaged Foods and Meats	IQ739693
Monster Beverage Corporation	NasdaqGS:MNST	Soft Drinks	IQ343729
Moody's Corporation	NYSE:MCO	Financial Exchanges and Data	IQ528325
Morgan Stanley	NYSE:MS	Investment Banking and Brokerage	IQ472898
"Motorola Solutions, Inc."	NYSE:MSI	Communications Equipment	IQ99186
MSCI Inc.	NYSE:MSCI	Financial Exchanges and Data	IQ7844318
"Mylan, Inc."	NasdaqGS:MYL	Pharmaceuticals	IQ290203
"Nasdaq, Inc."	NasdaqGS:NDAQ	Financial Exchanges and Data	IQ740535
"National Oilwell Varco, Inc."	NYSE:NOV	Oil and Gas Equipment and Services	IQ31900
"NetApp, Inc."	NasdaqGS:NTAP	"Technology Hardware, Storage and Peripherals"	IQ32052
"Netflix, Inc."	NasdaqGS:NFLX	Movies and Entertainment	IQ32012
Newell Brands Inc.	NasdaqGS:NWL	Housewares and Specialties	IQ291703
Newmont Corporation	NYSE:NEM	Gold	IQ291795
News Corporation	NasdaqGS:NWSA	Publishing	IQ212741644
News Corporation	NasdaqGS:NWS	Publishing	IQ212741644
"NextEra Energy, Inc."	NYSE:NEE	Electric Utilities	IQ270586
Nielsen Holdings plc	NYSE:NLSN	Research and Consulting Services	IQ422760
"NIKE, Inc."	NYSE:NKE	Footwear	IQ291981
NiSource Inc.	NYSE:NI	Multi-Utilities	IQ292092
"Noble Energy, Inc."	NasdaqGS:NBL	Oil and Gas Exploration and Production	IQ292135
Norfolk Southern Corporation	NYSE:NSC	Railroads	IQ292268
Northern Trust Corporation	NasdaqGS:NTRS	Asset Management and Custody Banks	IQ291896
Northrop Grumman Corporation	NYSE:NOC	Aerospace and Defense	IQ97199
NortonLifeLock Inc.	NasdaqGS:NLOK	Systems Software	IQ35000
Norwegian Cruise Line Holdings Ltd.	NYSE:NCLH	"Hotels, Resorts and Cruise Lines"	IQ4180463
"NRG Energy, Inc."	NYSE:NRG	Electric Utilities	IQ413857
Nucor Corporation	NYSE:NUE	Steel	IQ184945
NVIDIA Corporation	NasdaqGS:NVDA	Semiconductors	IQ32307
"NVR, Inc."	NYSE:NVR	Homebuilding	IQ182505
Occidental Petroleum Corporation	NYSE:OXY	Integrated Oil and Gas	IQ293286
"Old Dominion Freight Line, Inc."	NasdaqGS:ODFL	Trucking	IQ319404
Omnicom Group Inc.	NYSE:OMC	Advertising	IQ96161
"ONEOK, Inc."	NYSE:OKE	Oil and Gas Storage and Transportation	IQ293889
Oracle Corporation	NYSE:ORCL	Systems Software	IQ22247
"O'Reilly Automotive, Inc."	NasdaqGS:ORLY	Automotive Retail	IQ324289
Otis Worldwide Corporation	NYSE:OTIS	Industrial Machinery	IQ159264
PACCAR Inc	NasdaqGS:PCAR	Construction Machinery and Heavy Trucks	IQ294721
Packaging Corporation of America	NYSE:PKG	Paper Packaging	IQ98885
Parker-Hannifin Corporation	NYSE:PH	Industrial Machinery	IQ295170
"Paychex, Inc."	NasdaqGS:PAYX	Data Processing and Outsourced Services	IQ295368
"Paycom Software, Inc."	NYSE:PAYC	Application Software	IQ254225545
"PayPal Holdings, Inc."	NasdaqGS:PYPL	Data Processing and Outsourced Services	IQ112732
Pentair plc	NYSE:PNR	Industrial Machinery	IQ295688
"People's United Financial, Inc."	NasdaqGS:PBCT	Regional Banks	IQ295774
"PepsiCo, Inc."	NasdaqGS:PEP	Soft Drinks	IQ32854
"PerkinElmer, Inc."	NYSE:PKI	Life Sciences Tools and Services	IQ268363
Perrigo Company plc	NYSE:PRGO	Pharmaceuticals	IQ319092
Pfizer Inc.	NYSE:PFE	Pharmaceuticals	IQ162270
Philip Morris International Inc.	NYSE:PM	Tobacco	IQ6569181
Phillips 66	NYSE:PSX	Oil and Gas Refining and Marketing	IQ27306532
Pinnacle West Capital Corporation	NYSE:PNW	Electric Utilities	IQ296957
Pioneer Natural Resources Company	NYSE:PXD	Oil and Gas Exploration and Production	IQ295224
"PPG Industries, Inc."	NYSE:PPG	Specialty Chemicals	IQ294639
PPL Corporation	NYSE:PPL	Electric Utilities	IQ185508
"Principal Financial Group, Inc."	NasdaqGS:PFG	Life and Health Insurance	IQ201105
"Prologis, Inc."	NYSE:PLD	Industrial REITs	IQ330123
"Prudential Financial, Inc."	NYSE:PRU	Life and Health Insurance	IQ1038328
Public Service Enterprise Group Incorporated	NYSE:PEG	Multi-Utilities	IQ298482
Public Storage	NYSE:PSA	Specialized REITs	IQ305520
"PulteGroup, Inc."	NYSE:PHM	Homebuilding	IQ294550
PVH Corp.	NYSE:PVH	"Apparel, Accessories and Luxury Goods"	IQ296568
"Qorvo, Inc."	NasdaqGS:QRVO	Semiconductors	IQ33821
QUALCOMM Incorporated	NasdaqGS:QCOM	Semiconductors	IQ33493
"Quanta Services, Inc."	NYSE:PWR	Construction and Engineering	IQ33509
Quest Diagnostics Incorporated	NYSE:DGX	Health Care Services	IQ361335
Ralph Lauren Corporation	NYSE:RL	"Apparel, Accessories and Luxury Goods"	IQ362220
"Raymond James Financial, Inc."	NYSE:RJF	Investment Banking and Brokerage	IQ22623
Raytheon Technologies Corporation	NYSE:RTX	Aerospace and Defense	IQ159230
Realty Income Corporation	NYSE:O	Retail REITs	IQ339305
Regency Centers Corporation	NasdaqGS:REG	Retail REITs	IQ816889
"Regeneron Pharmaceuticals, Inc."	NasdaqGS:REGN	Biotechnology	IQ33715
Regions Financial Corporation	NYSE:RF	Regional Banks	IQ271409
"Republic Services, Inc."	NYSE:RSG	Environmental and Facilities Services	IQ386225
ResMed Inc.	NYSE:RMD	Health Care Equipment	IQ340196
Robert Half International Inc.	NYSE:RHI	Human Resource and Employment Services	IQ276703
"Rockwell Automation, Inc."	NYSE:ROK	Electrical Components and Equipment	IQ300504
"Rollins, Inc."	NYSE:ROL	Environmental and Facilities Services	IQ300753
"Roper Technologies, Inc."	NYSE:ROP	Industrial Conglomerates	IQ22751
"Ross Stores, Inc."	NasdaqGS:ROST	Apparel Retail	IQ33926
Royal Caribbean Cruises Ltd.	NYSE:RCL	"Hotels, Resorts and Cruise Lines"	IQ325643
S&P Global Inc.	NYSE:SPGI	Financial Exchanges and Data	IQ21719
"salesforce.com, inc."	NYSE:CRM	Application Software	IQ122917
SBA Communications Corporation (REIT)	NasdaqGS:SBAC	Specialized REITs	IQ34071
Schlumberger Limited	NYSE:SLB	Oil and Gas Equipment and Services	IQ301966
Seagate Technology plc	NasdaqGS:STX	"Technology Hardware, Storage and Peripherals"	IQ3738520
Sealed Air Corporation	NYSE:SEE	Paper Packaging	IQ382724
Sempra Energy	NYSE:SRE	Multi-Utilities	IQ120622
"ServiceNow, Inc."	NYSE:NOW	Systems Software	IQ22967487
"Simon Property Group, Inc."	NYSE:SPG	Retail REITs	IQ34378
"Skyworks Solutions, Inc."	NasdaqGS:SWKS	Semiconductors	IQ1462309
SL Green Realty Corp.	NYSE:SLG	Office REITs	IQ364744
Snap-on Incorporated	NYSE:SNA	Industrial Machinery	IQ303646
Southwest Airlines Co.	NYSE:LUV	Airlines	IQ31726
"Stanley Black & Decker, Inc."	NYSE:SWK	Industrial Machinery	IQ304977
Starbucks Corporation	NasdaqGS:SBUX	Restaurants	IQ34745
State Street Corporation	NYSE:STT	Asset Management and Custody Banks	IQ188785
STERIS plc	NYSE:STE	Health Care Equipment	IQ34783
Stryker Corporation	NYSE:SYK	Health Care Equipment	IQ94614
SVB Financial Group	NasdaqGS:SIVB	Regional Banks	IQ187662
Synchrony Financial	NYSE:SYF	Consumer Finance	IQ260334235
"Synopsys, Inc."	NasdaqGS:SNPS	Application Software	IQ35028
Sysco Corporation	NYSE:SYY	Food Distributors	IQ189096
"T. Rowe Price Group, Inc."	NasdaqGS:TROW	Asset Management and Custody Banks	IQ23217
"Take-Two Interactive Software, Inc."	NasdaqGS:TTWO	Interactive Home Entertainment	IQ371281
"Tapestry, Inc."	NYSE:TPR	"Apparel, Accessories and Luxury Goods"	IQ526573
Target Corporation	NYSE:TGT	General Merchandise Stores	IQ174438
TE Connectivity Ltd.	NYSE:TEL	Electronic Manufacturing Services	IQ8106523
TechnipFMC plc	NYSE:FTI	Oil and Gas Equipment and Services	IQ1342651
Teledyne Technologies Incorporated	NYSE:TDY	Aerospace and Defense	IQ406526
Teleflex Incorporated	NYSE:TFX	Health Care Equipment	IQ307430
Texas Instruments Incorporated	NasdaqGS:TXN	Semiconductors	IQ140283
Textron Inc.	NYSE:TXT	Aerospace and Defense	IQ35303
The AES Corporation	NYSE:AES	Independent Power Producers and Energy Traders	IQ35312
The Allstate Corporation	NYSE:ALL	Property and Casualty Insurance	IQ18711
The Bank of New York Mellon Corporation	NYSE:BK	Asset Management and Custody Banks	IQ135506
The Boeing Company	NYSE:BA	Aerospace and Defense	IQ370857
The Charles Schwab Corporation	NYSE:SCHW	Investment Banking and Brokerage	IQ34093
The Clorox Company	NYSE:CLX	Household Products	IQ89450
The Coca-Cola Company	NYSE:KO	Soft Drinks	IQ26642
"The Cooper Companies, Inc."	NYSE:COO	Health Care Supplies	IQ263609
The Est¨¦e Lauder Companies Inc.	NYSE:EL	Personal Products	IQ207221
"The Gap, Inc."	NYSE:GPS	Apparel Retail	IQ274265
"The Goldman Sachs Group, Inc."	NYSE:GS	Investment Banking and Brokerage	IQ398625
"The Hartford Financial Services Group, Inc."	NYSE:HIG	Multi-line Insurance	IQ341546
The Hershey Company	NYSE:HSY	Packaged Foods and Meats	IQ98873
"The Home Depot, Inc."	NYSE:HD	Home Improvement Retail	IQ278679
"The Interpublic Group of Companies, Inc."	NYSE:IPG	Advertising	IQ108616
The J. M. Smucker Company	NYSE:SJM	Packaged Foods and Meats	IQ303591
The Kraft Heinz Company	NasdaqGS:KHC	Packaged Foods and Meats	IQ278212
The Kroger Co.	NYSE:KR	Food Retail	IQ284342
The Mosaic Company	NYSE:MOS	Fertilizers and Agricultural Chemicals	IQ890498
"The PNC Financial Services Group, Inc."	NYSE:PNC	Regional Banks	IQ294585
The Procter & Gamble Company	NYSE:PG	Household Products	IQ33328
The Progressive Corporation	NYSE:PGR	Property and Casualty Insurance	IQ33352
The Sherwin-Williams Company	NYSE:SHW	Specialty Chemicals	IQ303104
The Southern Company	NYSE:SO	Electric Utilities	IQ120623
"The TJX Companies, Inc."	NYSE:TJX	Apparel Retail	IQ306688
"The Travelers Companies, Inc."	NYSE:TRV	Property and Casualty Insurance	IQ392856
The Walt Disney Company	NYSE:DIS	Movies and Entertainment	IQ191564
The Western Union Company	NYSE:WU	Data Processing and Outsourced Services	IQ909408
"The Williams Companies, Inc."	NYSE:WMB	Oil and Gas Storage and Transportation	IQ390225
Thermo Fisher Scientific Inc.	NYSE:TMO	Life Sciences Tools and Services	IQ97023
Tiffany & Co.	NYSE:TIF	Specialty Stores	IQ35576
"T-Mobile US, Inc."	NasdaqGS:TMUS	Wireless Telecommunication Services	IQ93339
Tractor Supply Company	NasdaqGS:TSCO	Specialty Stores	IQ329501
Trane Technologies plc	NYSE:TT	Building Products	IQ280944
TransDigm Group Incorporated	NYSE:TDG	Aerospace and Defense	IQ22800180
Truist Financial Corporation	NYSE:TFC	Regional Banks	IQ19109
"Twitter, Inc."	NYSE:TWTR	Interactive Media and Services	IQ35962803
"Tyler Technologies, Inc."	NYSE:TYL	Application Software	IQ309821
"Tyson Foods, Inc."	NYSE:TSN	Packaged Foods and Meats	IQ190636
U.S. Bancorp	NYSE:USB	Diversified Banks	IQ305304
"UDR, Inc."	NYSE:UDR	Residential REITs	IQ310667
"Ulta Beauty, Inc."	NasdaqGS:ULTA	Specialty Stores	IQ35929
"Under Armour, Inc."	NYSE:UA	"Apparel, Accessories and Luxury Goods"	IQ8740684
"Under Armour, Inc."	NYSE:UAA	"Apparel, Accessories and Luxury Goods"	IQ8740684
Union Pacific Corporation	NYSE:UNP	Railroads	IQ310078
"United Airlines Holdings, Inc."	NasdaqGS:UAL	Airlines	IQ309845
"United Parcel Service, Inc."	NYSE:UPS	Air Freight and Logistics	IQ238570
"United Rentals, Inc."	NYSE:URI	Trading Companies and Distributors	IQ36005
UnitedHealth Group Incorporated	NYSE:UNH	Managed Health Care	IQ104673
"Universal Health Services, Inc."	NYSE:UHS	Health Care Facilities	IQ36040
Unum Group	NYSE:UNM	Life and Health Insurance	IQ166762
V.F. Corporation	NYSE:VFC	"Apparel, Accessories and Luxury Goods"	IQ191328
Valero Energy Corporation	NYSE:VLO	Oil and Gas Refining and Marketing	IQ311679
"Varian Medical Systems, Inc."	NYSE:VAR	Health Care Equipment	IQ311907
"Ventas, Inc."	NYSE:VTR	Health Care REITs	IQ398549
"VeriSign, Inc."	NasdaqGS:VRSN	Internet Services and Infrastructure	IQ36216
"Verisk Analytics, Inc."	NasdaqGS:VRSK	Research and Consulting Services	IQ1027055
Verizon Communications Inc.	NYSE:VZ	Integrated Telecommunication Services	IQ415798
Vertex Pharmaceuticals Incorporated	NasdaqGS:VRTX	Biotechnology	IQ36235
ViacomCBS Inc.	NasdaqGS:VIAC	Broadcasting	IQ27763231
Visa Inc.	NYSE:V	Data Processing and Outsourced Services	IQ38043467
Vornado Realty Trust	NYSE:VNO	Office REITs	IQ312648
Vulcan Materials Company	NYSE:VMC	Construction Materials	IQ312769
W. R. Berkley Corporation	NYSE:WRB	Property and Casualty Insurance	IQ254504
"W.W. Grainger, Inc."	NYSE:GWW	Trading Companies and Distributors	IQ276060
Wabtec Corporation	NYSE:WAB	Construction Machinery and Heavy Trucks	IQ36437
"Walgreens Boots Alliance, Inc."	NasdaqGS:WBA	Drug Retail	IQ93624
Walmart Inc.	NYSE:WMT	Hypermarkets and Super Centers	IQ313055
"Waste Management, Inc."	NYSE:WM	Environmental and Facilities Services	IQ190694
Waters Corporation	NYSE:WAT	Life Sciences Tools and Services	IQ36475
"WEC Energy Group, Inc."	NYSE:WEC	Multi-Utilities	IQ315117
Wells Fargo & Company	NYSE:WFC	Diversified Banks	IQ292891
Welltower Inc.	NYSE:WELL	Health Care REITs	IQ277914
"West Pharmaceutical Services, Inc."	NYSE:WST	Health Care Supplies	IQ313784
Western Digital Corporation	NasdaqGS:WDC	"Technology Hardware, Storage and Peripherals"	IQ314057
WestRock Company	NYSE:WRK	Paper Packaging	IQ33897
Weyerhaeuser Company	NYSE:WY	Specialized REITs	IQ107633
Whirlpool Corporation	NYSE:WHR	Household Appliances	IQ314515
Willis Towers Watson Public Limited Company	NasdaqGS:WLTW	Insurance Brokers	IQ36623
"Wynn Resorts, Limited"	NasdaqGS:WYNN	Casinos and Gaming	IQ3449701
Xcel Energy Inc.	NasdaqGS:XEL	Electric Utilities	IQ527542
Xerox Holdings Corporation	NYSE:XRX	"Technology Hardware, Storage and Peripherals"	IQ103599
"Xilinx, Inc."	NasdaqGS:XLNX	Semiconductors	IQ36762
Xylem Inc.	NYSE:XYL	Industrial Machinery	IQ118218449
"Yum! Brands, Inc."	NYSE:YUM	Restaurants	IQ365997
Zebra Technologies Corporation	NasdaqGS:ZBRA	Electronic Equipment and Instruments	IQ393488
"Zimmer Biomet Holdings, Inc."	NYSE:ZBH	Health Care Equipment	IQ264048
"Zions Bancorporation, National Association"	NasdaqGS:ZION	Regional Banks	IQ315476
Zoetis Inc.	NYSE:ZTS	Pharmaceuticals	IQ215548781
